Top pages,Clicks,Impressions,CTR,Position
https://www.williamsburgmedspa.com/,36,3363,1.07%,33.73
https://williamsburgmedspa.com/,36,863,4.17%,12.48
https://www.williamsburgmedspa.com/procedures/prp-hair-restoration,3,40,7.5%,48.85
https://www.williamsburgmedspa.com/procedures/filler,2,379,0.53%,44.96
https://www.williamsburgmedspa.com/procedures/blohmdahl-ear-piercing,2,118,1.69%,16.35
https://www.williamsburgmedspa.com/procedures/xeomin,1,116,0.86%,61.03
https://www.williamsburgmedspa.com/procedures/hyperhidrosis-treatment,1,69,1.45%,48.33
https://www.williamsburgmedspa.com/blog/beginners-guide-to-platelet-rich-plasma-therapy,1,33,3.03%,31.79
https://www.williamsburgmedspa.com/products/co2-v-lift-for-women,1,30,3.33%,43.73
https://www.williamsburgmedspa.com/blog/revitalize-sexual-health-female-intimacy-prp-protocols-vaginal-dryness,1,16,6.25%,7.81
https://www.williamsburgmedspa.com/consult,0,342,0%,49.32
https://www.williamsburgmedspa.com/procedures/prp-breast-lift,0,293,0%,55.39
https://www.williamsburgmedspa.com/procedures/joint-restoration,0,95,0%,50.18
https://www.williamsburgmedspa.com/procedures/prp-face-lift,0,78,0%,30.06
https://www.williamsburgmedspa.com/procedures/prp-facial,0,50,0%,44.38
https://www.williamsburgmedspa.com/products/co2-lift,0,35,0%,20.8
https://www.williamsburgmedspa.com/procedures/feminine-intimacy-prp-protocols,0,21,0%,29.19
https://www.williamsburgmedspa.com/products/definage-clinical-power-trio-pro,0,13,0%,10.38
https://www.williamsburgmedspa.com/locations/kingsmill-va,0,6,0%,18.5
https://www.williamsburgmedspa.com/blog/naturally-heal-joint-pain-prp-therapy,0,5,0%,24
https://www.williamsburgmedspa.com/blog/hair-loss-got-you-down-discover-prp-your-new-ally-in-hair-restoration,0,2,0%,3.5
https://www.williamsburgmedspa.com/procedures/male-intimacy-prp-protocols,0,2,0%,14