Top queries,Clicks,Impressions,CTR,Position
williamsburg med spa,14,105,13.33%,5.42
med spa williamsburg va,5,455,1.1%,27.19
medspa williamsburg va,2,55,3.64%,7.49
med spa williamsburg,1,114,0.88%,32.96
botox williamsburg va,1,32,3.12%,24.09
microneedling williamsburg va,1,7,14.29%,4.14
med spas near me,1,4,25%,10.25
microneedling prp near me,1,3,33.33%,9
williamsburg facial,1,2,50%,20.5
botox williamsburg,0,442,0%,59.67
medical spa williamsburg,0,439,0%,11.1
dermal fillers williamsburg,0,217,0%,35.68
breast lift williamsburg,0,214,0%,55.78
dermal fillers williamsburg va,0,179,0%,37.99
medspa williamsburg,0,94,0%,11.39
hydrafacial williamsburg va,0,85,0%,51.96
facelift williamsburg,0,67,0%,29.21
sculptra williamsburg va,0,61,0%,48.87
medspa,0,60,0%,5.23
laser hair removal williamsburg va,0,39,0%,63.9
inflammation therapy williamsburg va,0,39,0%,82.05
med spa,0,34,0%,6.76
hyperhidrosis treatment arlington va,0,33,0%,60.67
xeomin tysons corner,0,32,0%,71.38
xeomin northern virginia,0,32,0%,82.94
medical spa,0,31,0%,94.81
medspa williamsville,0,29,0%,83.21
neuromodulators williamsburg va,0,24,0%,71.88
"medical spa treatments in williamsville, ny",0,24,0%,85.25
body contouring williamsburg,0,23,0%,65.7
williamsburg va spa,0,23,0%,71.57
body contouring williamsburg va,0,22,0%,76.18
med spa williamsville,0,22,0%,86.68
medspa virginia,0,22,0%,87.18
medical spa williamsville,0,21,0%,84.62
prp for breast enhancement westport,0,20,0%,74.2
neuromodulators williamsburg,0,17,0%,62.76
plasma facial treatment,0,15,0%,82.07
med spa near me,0,14,0%,7.21
medical spa services in williamsville ny,0,14,0%,88.86
breast lift williamsburg va,0,13,0%,37.69
spas in williamsburg va,0,13,0%,71.54
"medical spa in williamsville, ny",0,13,0%,90.92
xeomin near me,0,12,0%,17.58
williamsburg spa,0,12,0%,59.42
knee pain relief williamsburg,0,12,0%,69.33
areola treatment williamsburg va,0,11,0%,16.64
pelvic pain williamsburg,0,11,0%,49.73
spa in williamsburg,0,11,0%,87.82
med spa williamsville ny,0,10,0%,86.9
powhatan parkway,0,9,0%,7.89
spa near me,0,9,0%,25.89
ear piercing williamsburg va,0,9,0%,28.67
williamsburg botox,0,8,0%,44.5
spas williamsburg va,0,8,0%,65.5
xeomin arlington va,0,8,0%,78.38
med spa hampton roads,0,8,0%,91.12
alternative medi spa,0,7,0%,9.29
non-surgical services williamsburg va,0,7,0%,15.43
spa in williamsburg va,0,7,0%,43.43
medspa woodbridge va,0,7,0%,67.43
"xeomin injectables in grimes, ia",0,7,0%,73.57
areola nipple and pigmentation williamsburg va,0,6,0%,13.5
ear piercing williamsburg,0,6,0%,14.5
frown lines reduction williamsburg va,0,6,0%,19.33
williamsburg tmj,0,6,0%,44.33
breast augmentation williamsburg,0,6,0%,48.67
breast reduction williamsburg va,0,6,0%,49
spa williamsburg va,0,6,0%,53.83
n4 med spa williamsburg,0,6,0%,54.33
xeomin charlottesville,0,6,0%,67
#1 medspa virginia,0,6,0%,73
prp for breast lift,0,6,0%,74.67
med spa palm springs,0,6,0%,84
regenerative clinic williamsburg va,0,5,0%,9.2
anti-aging treatment williamsburg va,0,5,0%,10.2
medspa near me,0,5,0%,10.6
botox near me,0,5,0%,15.4
facials near me,0,5,0%,20.2
aesthetic services williamsburg va,0,5,0%,26.2
hyperhidrosis near me ann arbor,0,5,0%,38.6
cosmetic treatments williamsburg va,0,5,0%,42
hairline transplant williamsburg,0,5,0%,48.6
facial williamsburg va,0,5,0%,49.2
couture med spa williamsburg,0,5,0%,61
best medspa virginia,0,5,0%,66.8
medical spa burke va,0,5,0%,73
scar treatment williamsburg va,0,5,0%,87.2
med spa northern virginia,0,5,0%,92.2
non-surgical treatment williamsburg va,0,4,0%,5.25
williamsburg aesthetics,0,4,0%,7.25
areola pigmentation treatment williamsburg va,0,4,0%,9.5
spa treatment apartments in williamsburg,0,4,0%,12.5
microneedling near me,0,4,0%,16
therapeutic skin treatments williamsburg va,0,4,0%,16.5
definage,0,4,0%,17.25
co2 lift and the co2 v lift williamsville ny,0,4,0%,27.75
williamsburg ear piercing,0,4,0%,43.25
breast augmentation williamsburg va,0,4,0%,45.25
couture med spa williamsburg va,0,4,0%,59
med spa roseburg,0,4,0%,70.75
williamsburg virginia spas,0,4,0%,74.75
sweat reduction treatment washington dc,0,4,0%,76
knee pain treatment williamsburg,0,4,0%,78.5
co2 v lift,0,4,0%,86.25
co2 lift v,0,4,0%,87.75
facial balancing near me,0,3,0%,5.67
lip injections near me,0,3,0%,8.33
botox® cosmetic williamsburg va,0,3,0%,13.33
restylane® injectable gel williamsburg va,0,3,0%,16.33
dark lip correction williamsburg va,0,3,0%,16.67
mays spa williamsburg,0,3,0%,25
best spa in williamsburg va,0,3,0%,56.67
williamsburg virginia spa,0,3,0%,57.67
ever body williamsburg,0,3,0%,61.67
best spas in williamsburg va,0,3,0%,69
med spa burke va,0,3,0%,71
prp technique,0,3,0%,71.67
xeomin richmond,0,3,0%,74.67
dry needling williamsburg,0,3,0%,77.67
medi spa potsdam,0,3,0%,78.33
ever/body williamsburg,0,3,0%,80.33
med spa westerleigh,0,3,0%,81
med spa reston va,0,3,0%,81.33
virginia medspa,0,3,0%,84
williamsburg spas,0,3,0%,87
everbody williamsburg,0,3,0%,92.67
laser facial resurfacing near me,0,2,0%,1
medical spa near me,0,2,0%,4
botox provider near me,0,2,0%,6
microneedling with exosomes near me,0,2,0%,8
platelet-rich plasma,0,2,0%,8
areola blush treatment williamsburg va,0,2,0%,8.5
areola darkening williamsburg va,0,2,0%,8.5
daxxify near me,0,2,0%,9.5
mesotherapy,0,2,0%,9.5
scalp microneedling near me,0,2,0%,9.5
lip flip near me,0,2,0%,10.5
forehead rejuvenation williamsburg va,0,2,0%,11
anti-aging procedure williamsburg va,0,2,0%,13
mays spa,0,2,0%,13
micro needling,0,2,0%,19
med,0,2,0%,24.5
prp therapy williamsburg,0,2,0%,25.5
botox® williamsburg va,0,2,0%,28
med spa facility,0,2,0%,43
spa near williamsburg va,0,2,0%,46
facet block injection williamsburg,0,2,0%,46.5
"med spa prince william county, va",0,2,0%,46.5
williamsburg beauty spa,0,2,0%,50
platelet rich plasma williamsburg,0,2,0%,58.5
prp for breast,0,2,0%,60.5
sculptra® williamsburg va,0,2,0%,64.5
spa services williamsburg va,0,2,0%,65.5
co2 lift and the co2 v lift buffalo ny,0,2,0%,66
spas in williamsburg virginia,0,2,0%,69.5
med spa virginia,0,2,0%,70
brownsburg clinic and med spa,0,2,0%,73
radiesse® williamsburg va,0,2,0%,77.5
skin care clinic williamsburg,0,2,0%,78
med spa in willowsford,0,2,0%,80
what is plasma treatment for face,0,2,0%,81
plasma treatment face,0,2,0%,81.5
medical spa springfield va,0,2,0%,84
medical spa warrenton va,0,2,0%,85.5
med spa in northern virginia,0,2,0%,88.5
facial and microdermabrasion​ williamsburg,0,2,0%,89.5
spas williamsburg,0,2,0%,91.5
platelet rich plasma breast lift,0,2,0%,96.5
botox near me within 1 mi,0,1,0%,1
facial balancing near me cost,0,1,0%,1
medical spa in los angeles,0,1,0%,1
medical spa in pasadena,0,1,0%,1
medical spas near me,0,1,0%,1
microneedling,0,1,0%,1
microneedling with prf near me,0,1,0%,1
platelet rich plasma near me,0,1,0%,1
prf ez gel near me,0,1,0%,1
prf microneedling near me,0,1,0%,1
red light therapy williamsburg va,0,1,0%,1
new medspa,0,1,0%,2
wellness med spa,0,1,0%,2
why not restaurant near me,0,1,0%,2
injector near me,0,1,0%,3
lip filler williamsburg va,0,1,0%,3
dr medspa,0,1,0%,4
med soa,0,1,0%,4
medi spa,0,1,0%,4
medical health spa,0,1,0%,4
the med,0,1,0%,4
where to get microneedling done,0,1,0%,4
lip fillers near me,0,1,0%,5
medsla,0,1,0%,5
restorative med spa,0,1,0%,5
$3 dysport near me,0,1,0%,6
edma spa,0,1,0%,6
edspa,0,1,0%,6
med spa hiring near me,0,1,0%,6
medi spa near me,0,1,0%,6
non surgical abdominal skin tightening,0,1,0%,6
prp breast lift near me,0,1,0%,6
botox and fillers near me,0,1,0%,7
dysport near me,0,1,0%,7
endolift near me,0,1,0%,7
face tightening,0,1,0%,7
life medi spa,0,1,0%,7
med aesthetics,0,1,0%,7
med spas,0,1,0%,7
platelet rich plasma,0,1,0%,7
platelet-rich plasma (prp),0,1,0%,7
vampire facial,0,1,0%,7
best lip filler near me,0,1,0%,8
family first med spa,0,1,0%,8
liquid metal,0,1,0%,8
med spa groupon,0,1,0%,8
medical spas,0,1,0%,8
platelet rich plasma therapy,0,1,0%,8
prp microneedling near me,0,1,0%,8
sculpsure near me,0,1,0%,8
ez gel near me,0,1,0%,9
medical wellness spa,0,1,0%,9
mpro medspa,0,1,0%,9
prp,0,1,0%,9
botox near me open saturday,0,1,0%,10
dermal fillers,0,1,0%,10
prp microneedling,0,1,0%,10
vampire breast lift near me,0,1,0%,10
platelet-rich plasma (prp) injections,0,1,0%,11
regenerative medicine williamsburg va,0,1,0%,11
facial dermal filler williamsburg va,0,1,0%,13
botox bear me,0,1,0%,15
botox cosmetic near me,0,1,0%,15
fillers near me,0,1,0%,15
mastopexy williamsburg va,0,1,0%,15
filler near me,0,1,0%,17
laser treatments near me,0,1,0%,18
botox membership,0,1,0%,19
hydrafacial near me,0,1,0%,19
lip filler near me,0,1,0%,19
micro needling facial near me,0,1,0%,19
rf microneedling,0,1,0%,20
co2 lift carboxytherapy long island ny,0,1,0%,21
hydra facial near me,0,1,0%,22
xeomin colonial heights,0,1,0%,24
beauty spa,0,1,0%,25
chemical peel near me black skin,0,1,0%,25
micro needling near me,0,1,0%,25
prp for joint pain williamsburg,0,1,0%,26
where can i get a non nicotine vape,0,1,0%,26
co2lift® carboxy therapy long island ny,0,1,0%,27
dark circle reduction williamsburg va,0,1,0%,29
hydrafacial,0,1,0%,29
rf treatments near me,0,1,0%,30
facial spa,0,1,0%,31
hand rejuvenation williamsburg va,0,1,0%,31
hyperhidrosis albemarle county,0,1,0%,32
rhytidectomy williamsburg va,0,1,0%,33
sauna near me,0,1,0%,35
massages in williamsburg va,0,1,0%,39
plump williamsburg,0,1,0%,40
med spa prince william county,0,1,0%,42
hyperhidrosis suttons bay,0,1,0%,43
spas near williamsburg va,0,1,0%,46
"patient lifts in williamsburg, va",0,1,0%,47
top rated aesthetician near me,0,1,0%,47
masseter botox williamsburg,0,1,0%,48
skin care williamsburg,0,1,0%,48
virginia regenerative medicine & spa,0,1,0%,54
hyperhidrosis treatment leesburg va,0,1,0%,58
luxury spa williamsburg va,0,1,0%,59
williamsburg beauty spa brooklyn,0,1,0%,59
williamsburg spa va,0,1,0%,59
kybella williamsburg,0,1,0%,60
plasma breast lift,0,1,0%,64
iv therapy williamsburg va,0,1,0%,65
medical spa facility,0,1,0%,65
day spas in williamsburg va,0,1,0%,66
hyperhidrosis reston va,0,1,0%,66
day spa in williamsburg va,0,1,0%,67
med express williamsburg va,0,1,0%,67
medspa nokesville,0,1,0%,67
inguinal hyperhidrosis treatment,0,1,0%,69
medical spa eltingville,0,1,0%,69
tallman medical spa,0,1,0%,76
plasma facial,0,1,0%,77
bloomsburg med spa,0,1,0%,78
med express williamsburg,0,1,0%,80
medical spa reston va,0,1,0%,80
facial fillers williamsville,0,1,0%,81
rhinoplasty williamsburg,0,1,0%,82
med spa in one loudoun,0,1,0%,83
rpr facial treatment,0,1,0%,85
med spa mariner's harbor,0,1,0%,86
spas in williamsburg,0,1,0%,87
hyperhidrosis groin treatment,0,1,0%,88
hyperhidrosis treatment ashburn,0,1,0%,89
med spa in burke,0,1,0%,89
"best spas in williamsburg, va",0,1,0%,90
prp face lift,0,1,0%,92
functional medicine williamsburg,0,1,0%,95
medical spa chain growth,0,1,0%,95
treating knee injuries with prp: a natural solution that works,0,1,0%,96
med spa williamson county,0,1,0%,97
everybody williamsburg,0,1,0%,98
microneedling williamsburg,0,1,0%,98
how prp is done,0,1,0%,99
medical spa northern virginia,0,1,0%,99
day spa williamsburg va,0,1,0%,100
spa at williamsburg,0,1,0%,100